jid,formula,group_id,fold,label,ref_tc,proxy_score,B0_score,B1_score
JVASP-1014,Ta,0,3,1,7.639509141414565,0.4069573892300201,0.6369616873214543,0.005526453252726697
JVASP-1378,ScB2,1,4,0,0.6100573822106736,0.10702861042189694,0.2697867137638703,0.045059989264908167
JVASP-14492,NbO,2,1,0,3.593415218006648,0.5742198588517109,0.04097352393619469,0.018364498192841555
JVASP-14601,Sn,3,2,0,0.0206803539352925,0.6738354147925052,0.016527635528529094,0.008423890152472413
JVASP-14726,NbB2,1,4,1,13.82460630446489,0.1658096049307431,0.8132702392002724,0.02619438081635312
JVASP-14741,TiN,2,1,1,14.619343426870724,0.5188218273308954,0.9127555772777217,0.03232391145187697
JVASP-14837,V,0,3,1,18.25703088070881,0.6218791366986994,0.6066357757671799,0.01963036031526359
JVASP-14960,V3Si,4,4,1,17.632942260132562,0.1278812872511044,0.7294965609839984,0.02211044165607208
JVASP-19679,ZrN,2,1,1,9.73551397584882,0.3967784656026932,0.5436249914654229,0.01900586045707194
JVASP-19821,MgB2,1,4,1,32.69089224607844,0.18919146655569202,0.9350724237877682,0.06532105297537397
JVASP-36379,CaB2,1,4,1,30.57124296783372,0.15039580988668044,0.8158535541215322,0.04862236628849271
JVASP-816,Al,5,4,0,1.599474453033944,0.2573944035639205,0.002738500170148095,0.03706237864433721
JVASP-934,Nb,0,3,1,10.72334911326788,0.42950854663321997,0.8574042765875693,0.010763523452318345
JVASP-961,Pb,5,4,1,5.368996065282887,0.26930533066124457,0.033585575305464355,0.004826254826254826
JVASP-16550,NaHg2,1,4,0,1.6475227978578384,0.09213124595761224,0.7296554464299441,0.007072639818467735
JVASP-15718,FeN,2,1,1,9.8103090881816,0.2156639747185002,0.17565562060255901,0.028632087694358193
JVASP-36265,LiMnAs,6,1,0,0.0129283096389761,0.04579113675942846,0.8631789223498866,0.021929721164691877
JVASP-40773,VFeSe,6,1,1,6.116722098010435,0.07592633777429747,0.5414612202490917,0.01615104456880749
JVASP-103109,CrIr,2,1,0,2.023907867425527,0.12469674528405925,0.2997118905373848,0.008189568864241926
JVASP-122903,VI,2,1,1,7.343131012204479,0.16528590358424827,0.42268722119765845,0.011245686365566788
JVASP-122961,VOs,2,1,1,14.15961900588853,0.337818114274916,0.028319671145462966,0.008292853840524275
JVASP-122995,VTe,2,1,1,11.336374143683493,0.11151254783694242,0.12428327649956394,0.01120187743465805
JVASP-14810,Sc,7,3,0,1.004402381323307,0.5839418332656761,0.6706244146936303,0.022244015425601865
JVASP-15844,ScC,2,1,0,3.931720491530728,0.2125600528724696,0.6471895115742501,0.03510828412965827
JVASP-16080,Mn,5,4,1,22.90009558838419,0.2951746867019098,0.6153851114812539,0.018202322270477588
JVASP-16897,MoN,2,1,1,33.47022368342787,0.4504555932352898,0.38367755426188344,0.018190632370048396
JVASP-17812,FeSi2,8,4,0,1.4564909284030277e-07,0.021078206089194324,0.997209935789211,0.026781888301671188
JVASP-18397,CrH,2,1,1,10.682442187413654,0.27188404901157276,0.9808353387762301,0.03773297280735582
JVASP-19657,VC,2,1,1,28.09053401874162,0.25753854975895374,0.6855419844806947,0.03177013670689825
JVASP-19694,VRu,2,1,1,20.255119548750272,0.5051696112378629,0.6504592762678163,0.01315689931353878
JVASP-25344,Mn,5,4,1,22.89828034331856,0.2951746867019098,0.6884467305709401,0.018202322270477588
JVASP-36214,V2C,9,2,0,0.3835618679861968,0.4981571679419064,0.3889214239791038,0.02634035069542916
JVASP-36423,ZrN,2,1,1,9.51057839983864,0.3967784656026932,0.13509650502241122,0.01900586045707194
JVASP-120278,Li2AlN2,10,3,0,1.0498065012980249,0.40922449600041677,0.7214883401940817,0.07259323805079802
JVASP-100634,V6CoIr,11,3,0,2.19250731798942,0.31041358196297425,0.5253543224757259,0.014367836864419316
JVASP-100639,Ta2CrSi6,12,1,0,0.0562651030392984,0.26640252962990507,0.31024187555895566,0.01545316775000813
JVASP-101099,TiAl6Mo,13,4,0,0.3137622834211898,0.1479838537837418,0.4858353588317891,0.026169769768270835
JVASP-102161,ZrTaCo4,14,2,1,5.479572216299957,0.07421459390667112,0.8894878343490003,0.011813240697575014
JVASP-102805,B4MoIr,15,2,0,0.7519754728005686,0.4153770480197913,0.9340435159562497,0.018104954420777246
JVASP-103401,V6GeOs,11,3,1,7.551043838787761,0.16745100347209416,0.35779519670907023,0.014071649320427286
JVASP-105372,TiAl3,16,3,0,0.3173716532160692,0.33064596184268624,0.5715298307297609,0.031053100104035804
JVASP-105964,V6CoRh,11,3,0,2.881875878484568,0.3258488132606451,0.32186939107594215,0.017112749887459602
JVASP-106141,AlNi6Ge,13,4,0,3.0214918578578124e-07,0.02398263502189059,0.5943000301996968,0.017707657868729153
JVASP-106354,Li3MnP2,17,3,0,0.1065430971051926,0.16431328653394425,0.33791122550713326,0.04357027339380747
JVASP-106681,ZrNbB4,18,2,0,0.7705287538138221,0.35464481663300595,0.39161900052816123,0.026388197298218032
JVASP-106847,AlSiMo,19,4,0,0.0406200960460311,0.15579259890380975,0.8902743520047923,0.01986662362107934
JVASP-109708,MnFeSi4,20,1,0,0.1034060373030317,0.07337496844720352,0.22715759353337972,0.026890750879176296
JVASP-110513,Cr3As,4,4,0,3.916931927178963,0.1161863150205585,0.6231871446860424,0.017322773947760578
JVASP-120303,TiAlN2,21,2,1,7.267250915655608,0.5038010211821835,0.08401534358238483,0.03888707576817923
JVASP-14642,V3As,4,4,0,4.796574205984162,0.20411017858964872,0.8326441476533978,0.01756341821001545
JVASP-14884,AlMo3,4,4,0,0.6729398941690936,0.2316873559516059,0.7870983074886834,0.012706418201731113
JVASP-14885,CrB,22,3,0,2.652930531706094,0.22821211951051407,0.23936944299295215,0.031843533613237995
JVASP-14892,CrSi,23,1,0,2.276682250072592,0.3271904050752068,0.8764842308107038,0.024974525983496833
JVASP-14900,NiMoP,24,4,0,0.9285197635211035,0.2863776876742363,0.05856803480519435,0.016163169393215552
JVASP-14903,Al(CrB)2,25,1,0,0.0007519991562067,0.3325267011996972,0.3361170605456604,0.03276631474687852
JVASP-14932,TiB,26,4,0,0.1770719307796543,0.0860807749611579,0.15027946689483906,0.034084324619107674
JVASP-14971,AlNi3,16,3,0,2.410877570452456e-08,0.07677128495288595,0.450339366649287,0.01969844258981441
JVASP-15011,TaBe2,27,2,0,2.96841403744178,0.1602847260363003,0.7963242702872942,0.015077479851913418
JVASP-15120,Cr3GaN,28,4,1,10.863555482811917,0.44762120408929507,0.23064220899374743,0.020857841296857138
JVASP-15722,NaTiO2,29,2,0,3.393685818178572,0.20805079941823737,0.05202130106440961,0.03888948384613909
JVASP-15734,TiSi,26,4,0,0.0118344149389993,0.02098373056039545,0.4045518398215282,0.026332247128139297
JVASP-15750,ScRu3C,28,4,0,1.0351947247258366,0.25302702864636256,0.19851304450925533,0.01388207849542435
JVASP-15777,V3Ni,4,4,1,9.45110429704764,0.19299288133380396,0.0907530456191219,0.018910929051394704
JVASP-15785,CrP2,30,3,0,0.228692810709495,0.30198955933506794,0.5803323859868507,0.02632880976297542
JVASP-15854,AlCo3C,28,4,0,0.7315441360126771,0.3533304304135204,0.2986961328189226,0.023170479384187384
JVASP-15938,Nb3Si,4,4,1,16.501426785688462,0.16635182899630813,0.6719948779563594,0.013037612468963964
JVASP-16228,VB,22,3,0,0.0006503919620575,0.2904621333868475,0.1995154439682133,0.032387352738755516
JVASP-16320,VSi2,31,3,0,0.0001038333878325,0.4115348107483933,0.9421131105064978,0.02800793558174816
JVASP-16426,Sc2Al,32,4,0,3.4179466814301698,0.003731178118177896,0.36511016824482856,0.025664416980335888
JVASP-16463,ZrBe5,33,4,0,1.836000469587111,0.2667083499303626,0.10549527957022953,0.04402541704727251
JVASP-16647,Ti6Si2B,34,2,0,0.3153411007637102,0.22271556966488268,0.6291081515397092,0.02541052108508572
JVASP-16660,TiAl2,35,3,0,0.0493002570676078,0.3629527577882456,0.9271545530678674,0.029460843814424605
JVASP-16781,CrRh3,16,3,0,4.671310120237188,0.473209358907565,0.440377154715784,0.011089160733503625
JVASP-17558,VAs,26,4,0,0.7488766907864941,0.2326623141455061,0.9545904936907372,0.015890280789206686
JVASP-17673,Ti3InC,28,4,0,0.6960263730835642,0.20835506779861002,0.499895813687647,0.018489093468653777
JVASP-17794,Cr3Ge,4,4,0,2.0532164988904764,0.08603673313359222,0.42522862484907553,0.017495646864364563
JVASP-17853,CoB,26,4,0,0.0096956358398966,0.08840853722002626,0.6202134520153778,0.02867622172712726
JVASP-18097,NbCrGe,24,4,0,1.659288725327745,0.1874822835663034,0.9950965052353241,0.013790410038535924
JVASP-18258,Co2N,36,4,0,1.3462790100846205,0.7177367127691137,0.9489436749377653,0.02274914465111874
JVASP-18416,VH2,37,4,0,0.6879952676795233,0.4785984736113341,0.4600451393090961,0.05664932819561694
JVASP-18425,LiTiO2,29,2,1,5.6220623581821805,0.17192740895839653,0.7577288453082914,0.04607933940659027
JVASP-18950,RhO2,38,4,0,0.0042752979052408,0.25974670072491723,0.49742269548761897,0.022237986483751814
JVASP-19614,PdF2,38,4,0,2.6531239973826453,0.18885878494799593,0.5293121601967704,0.02077320552076687
JVASP-19765,V3Rh,4,4,0,3.575393459057368,0.3551965751638138,0.7857857007138075,0.015641496891252493
JVASP-19769,V3Co,4,4,0,4.096803663606615,0.16567646056115515,0.4146558493556708,0.018889514262988176
JVASP-19852,RuO2,38,4,1,13.822479355939878,0.2870884833019191,0.7344835717887294,0.02254472874182378
JVASP-20067,KB6,39,2,1,18.686987692543607,0.5809894381690474,0.7111428779897498,0.06733080490129786
JVASP-20085,VP,2,1,0,0.0868787134136805,0.3748377327754809,0.9320596866133782,0.024415474615707145
JVASP-20204,Ti3Al,40,3,0,3.720508433269493,0.4213142688340302,0.1149326332809052,0.02344905892964592
JVASP-20275,V3Ir,4,4,0,2.816984702919977,0.29103671193160385,0.7290151170763094,0.011592808401308247
JVASP-20434,V3Pt,4,4,1,10.252900248610622,0.16667795711899283,0.9274239286245599,0.011497275864199926
JVASP-20481,VS,26,4,1,7.107236194661194,0.2877017567491711,0.9679261899246464,0.02409449862360177
JVASP-20554,Be2Nb,27,2,0,3.753224098406757,0.17101613011225217,0.014706304965369288,0.027043900471811495
JVASP-34349,TiS,2,1,0,0.4210969017883987,0.3350017651795974,0.8636400902455758,0.02502126807786619
JVASP-35497,Y2Fe2Si2C,41,1,0,0.0428207866973902,0.11166149341732501,0.9811950400663443,0.019570379838706523
JVASP-35526,Y2Cr2C3,42,2,0,4.879132096180426,0.1795980697433327,0.9572101796109636,0.022023936873104367
JVASP-35682,NbCo3,16,3,0,0.0042940377055086,0.30691713327870873,0.1487640122324979,0.014830966011448801
JVASP-36169,Co3W,16,3,0,0.0918335619715417,0.33073741028320874,0.972628813822955,0.0110914058422067
JVASP-36173,Co3Mo,16,3,0,0.784456380119875,0.2635767866499092,0.8899355557205206,0.01466600456989036
JVASP-36199,Al3V,16,3,1,13.0186256041871,0.293504391720096,0.8223738275430704,0.03032919709354273
JVASP-36654,VCo3,16,3,0,0.3736277001405144,0.5055208414105173,0.4799879238078322,0.01756380496738215
JVASP-36657,VN,2,1,0,2.649512989277932,0.5926723201713163,0.23237291963930384,0.03079377103599484
JVASP-37096,BMo,22,3,1,6.067713086699493,0.3328038367478619,0.8018805787183079,0.018735187492388828
JVASP-37941,Al3Fe,40,3,0,0.30444903785706,0.09571490135559348,0.9235301597834695,0.029241985779449788
JVASP-39772,LiSiRu2,43,0,0,4.525391842496653,0.18345381224690852,0.2661302722922926,0.01686578838073674
JVASP-39974,MgTaIr2,43,0,0,0.8064568400253836,0.15460785788616183,0.5389344076221869,0.006783260974027437
JVASP-41256,HfGaRh2,43,0,0,0.2404913603927067,0.1584446063140187,0.4427528289745315,0.00881010695469843
JVASP-41603,V2TcRu,43,0,1,12.337922550664684,0.45739033222636616,0.931017315981155,0.013291111901193876
JVASP-42657,FeO2,38,4,0,2.6313446112910497,0.27662951901350435,0.040510711188434634,0.03415152805320353
JVASP-4406,ScSi2,1,4,1,12.24710228390325,0.020237283139227954,0.7320061956565608,0.029665693737390104
JVASP-48131,Fe2O3F,44,3,0,0.1782695976983415,0.18954884759685411,0.6143732469489966,0.03357834271036163
JVASP-50092,TiO,2,1,1,12.64296988949285,0.5220221125308945,0.028365365113521057,0.03131537083662145
JVASP-69621,Be2VFe,45,3,0,1.7475237927514964,0.30339107442206736,0.7192197728267403,0.032048492188949194
JVASP-70225,Be2CrFe,29,2,0,0.9515282123693342,0.09966373760669574,0.015991729523571974,0.03177996467720486
JVASP-71027,MnBeRh2,29,2,0,2.89224988301398,0.19891604065887714,0.7579510023564281,0.014827927810396562
JVASP-71569,TiBe2V,29,2,1,6.144798148852484,0.18828174563385755,0.512758723262078,0.03423694209875742
JVASP-74805,Be2FeSi,29,2,0,0.7940451650173345,0.11502975396405846,0.9291042207970062,0.03923304728257006
JVASP-8008,Ni2B,46,4,0,0.0015691759339882,0.09122608793957676,0.06608249672407474,0.023401337620458387
JVASP-8178,FeSi,23,1,0,0.0060629522555037,0.08593398814888416,0.8413172796123832,0.023829239668535278
JVASP-8528,NbRu3C,28,4,1,14.91006545730134,0.4461079400760321,0.0666900087671014,0.012251086107787799
JVASP-89933,TiCrAs,24,4,0,1.790926566868633,0.0962617065172024,0.34430997880412517,0.017163973734543127
JVASP-90136,TiFeAs,24,4,0,3.838018723086169,0.08734485552181583,0.4302987319478333,0.016794152947709726
JVASP-90617,TaCo3,40,3,0,0.0076118425984522,0.41051910259100544,0.9660620807840702,0.01118107154162504
JVASP-91708,V3Fe,4,4,1,5.046699296593861,0.2847733344799329,0.562231842228457,0.01916906879059949
JVASP-92687,V2N3,47,1,0,4.438017463587193,0.6261771170347418,0.25886459317093224,0.03474560311765348
JVASP-93232,SrCuO3,28,4,1,6.5619723669960806,0.2888711769932305,0.24167571409434496,0.025104913433237497
JVASP-93356,ZrCo2,27,2,0,4.437883785706703,0.10446997392082656,0.8881183206591798,0.014347861707082759
JVASP-93360,ScAl2,27,2,0,7.567634979086745e-05,0.05307509123039179,0.22586942841732438,0.030327847304772095
JVASP-93368,NbO,2,1,0,4.104938143369133,0.5742198588517109,0.1245547058352835,0.018364498192841555
JVASP-93823,MgTiH4,20,1,0,0.5541402630311167,0.30884820106668703,0.2883307570075776,0.07873627233091911
JVASP-94854,V2CoS4,48,1,0,2.825509120421127,0.2679005211162698,0.5861230648127328,0.024215068971694474
JVASP-99406,Hf2Al3Ag,49,2,0,0.0423459046659837,0.023360759028758078,0.5540905021732678,0.01099318244269202
JVASP-99516,CaBC,50,2,0,0.989837047760694,0.43287634893647864,0.8097107759127777,0.04769498105714336
JVASP-99585,CrB2Mo,51,2,1,7.442310337790422,0.3656341901167109,0.5604759520061858,0.0235907337956724
JVASP-114723,CaZrO2,29,2,1,9.657024560795495,0.26559890294169686,0.2884212144312105,0.024494674857685937
JVASP-14513,Ti3Hg,4,4,0,3.0881953405813505,0.17408286725591116,0.4128963426808927,0.011621454366906746
JVASP-11984,CoRe3,40,3,0,1.777456112932674,0.3272903347032012,0.8181209709709104,0.00647716432401532
JVASP-14504,HfCo2,27,2,0,4.245739356933599,0.08423657706914395,0.6265064624197535,0.010122946901870414
JVASP-14524,GaMo3,4,4,0,1.761985802066176,0.3267966860974555,0.9590776426974422,0.011187465563582561
JVASP-15080,ScSi2,1,4,1,11.391579320573593,0.020237283139227954,0.3694044110916809,0.029665693737390104
JVASP-15410,Ti3TlC,28,4,0,1.0373268781907736,0.2201008003283224,0.5526115105212872,0.013889081792802679
JVASP-16412,VSi2,31,3,0,0.0004256197986968,0.4115348107483933,0.5939242016131683,0.02800793558174816
JVASP-16588,NbRu3,16,3,1,9.242363237274894,0.33897519031170825,0.84829120827506,0.01009804239854964
JVASP-18507,Ba(NiP2)2,52,3,0,0.7849282474767104,0.2126515855069864,0.14547353818653175,0.01848873854104963
JVASP-19844,ScAl2,27,2,0,2.4777077581731367e-05,0.05307509123039179,0.40651033674812664,0.030327847304772095
JVASP-20098,TiRh3,16,3,0,0.5539258326321901,0.4636252240279982,0.909958961662297,0.01121756895649967
JVASP-20462,Ti3Al,40,3,0,3.720642463520607,0.4213142688340302,0.043066888568204176,0.02344905892964592
JVASP-20544,V3Ir,4,4,0,2.814625873775401,0.29103671193160385,0.8227062801815019,0.011592808401308247
JVASP-20626,V3Pt,4,4,1,10.267923958449762,0.16667795711899283,0.41538403737122465,0.011497275864199926
JVASP-37038,TiAl3,16,3,0,0.5444159273054905,0.33064596184268624,0.8298039852781027,0.031053100104035804
JVASP-37783,HfAlFe2,43,0,0,1.3153788831917805e-08,0.20206301671110158,0.009954560807291957,0.012611869704178562
JVASP-39945,Al2FeIr,43,0,0,5.963163198299551e-12,0.17719539364974235,0.36504615775827065,0.01324393337494692
JVASP-40033,TiAlRu2,43,0,0,0.1557024092474808,0.19699582488400716,0.07863003716563988,0.014441030738013361
JVASP-4403,AlNi3,16,3,0,2.411007464853541e-08,0.07677128495288595,0.6526145763366384,0.01969844258981441
JVASP-56344,ScBRh3,28,4,0,0.0039430075651612,0.16645817497525986,0.2738490985995572,0.013718045418209594
JVASP-62158,TiCrAs,24,4,0,1.7714724002701958,0.0962617065172024,0.7026520706597863,0.017163973734543127
JVASP-8075,GeMo3,4,4,0,2.797821752627314,0.2321214352415052,0.9438014269420908,0.011096931698385397
JVASP-14528,TaCr2,27,2,0,2.2706574935256145,0.23505041663432386,0.12681710226124776,0.01052852936659525
JVASP-14557,NbRh3,16,3,0,0.1038126041338299,0.2719944408399786,0.8647782954007741,0.009959591943566562
JVASP-14774,NbCr2,27,2,0,2.6076118973070743,0.2884155207099625,0.059464151600338466,0.015236270368227136
JVASP-14891,AlBMo,53,2,0,0.0947581848891364,0.32768579909011086,0.38077050831088943,0.022432835205298346
JVASP-15013,VPt,54,3,0,1.3912014304712343,0.682236629199463,0.42977406117857664,0.008129238635832465
JVASP-15030,IrO2,38,4,0,2.790732326221017e-06,0.2566368193742099,0.48884954683346427,0.0133799669782415
JVASP-15727,HfMoP,24,4,0,0.1033735218634918,0.20616474422740264,0.9764623219360445,0.009823061708061081
JVASP-15896,Sc3TlB,28,4,1,5.71940666570184,0.08098887709509475,0.7756911881018284,0.014283182652802717
JVASP-16659,ScNi4Sn,14,2,0,1.0223695849047314,0.013993058651354561,0.308857362719261,0.015058747486870732
JVASP-17473,BaMoO3,28,4,0,0.0579157726567351,0.4111363624919014,0.26983678550080015,0.017776817039576884
JVASP-17939,Sc3PbC,28,4,0,0.0001354839656978,0.18372256998998823,0.8631202041893178,0.014121164950016894
JVASP-18546,YBRh3,28,4,0,3.538955201225527e-05,0.15755296592480125,0.8813071727376899,0.012241899443324107
JVASP-19592,Zr3O,55,4,0,2.257997135538773,0.4131485866503438,0.5107065055436453,0.013808750190733361
JVASP-19597,HfRh3,16,3,0,0.2162772340046155,0.28345478832063875,0.34429573096232524,0.008210071088953042
JVASP-19936,OsO2,38,4,1,7.986040720760837,0.28561794125626777,0.9949173481609178,0.01349960041182781
JVASP-20070,VIr3,16,3,0,2.574024657625245,0.4909341636527155,0.3159435453677002,0.006373562462903874
JVASP-20075,TiIr3,16,3,0,0.4973884364694863,0.45184347486435056,0.18271237892656245,0.006404939489334174
JVASP-20246,Nb3Os,4,4,0,4.66580943469984,0.4379441526294392,0.8800981213040697,0.00852970963972767
JVASP-37858,Al2CoOs,43,0,0,1.3226510197539683e-06,0.2142657199438181,0.812335398111254,0.013195820906479645
JVASP-40492,ScSnRu2,43,0,0,0.0162444087872772,0.1578389724862403,0.6678894055713512,0.010934760398295586
JVASP-40540,TaTiMn2,43,0,0,0.0252581738964185,0.41447746397814994,0.9584136317779519,0.011810176102421627
JVASP-41523,V3Ru,4,4,0,1.7006766735225989,0.6982328992907992,0.9257145772144187,0.015754575227112048
JVASP-41590,VZnRu2,43,0,1,6.246654131046232,0.33924893975674036,0.7482485033017541,0.01255924431026985
JVASP-7851,SrMoO3,28,4,0,0.4089573975507252,0.4538373712595892,0.8607014095476777,0.021592843613398274
JVASP-7997,ZrRh3,16,3,0,0.1267858489601473,0.22858358600255985,0.24714674032210748,0.010001487721298543
JVASP-103684,SrBeSi,56,2,0,1.7514217632258953,0.19770306318956382,0.1412465569010316,0.02405432775763103
JVASP-106123,CaBeSi,56,2,0,1.2449040863075886,0.1992391847327953,0.670061849314936,0.03887234841669426
JVASP-110999,SrAlGa,56,2,0,1.0963030474848134,0.11155728543945892,0.7146185366547527,0.016275640903733693
JVASP-111325,ZrBeB,56,2,0,2.6262662656325984,0.21352586775371402,0.16705292878227218,0.027015543717264254
JVASP-111352,MoIr,2,1,0,2.395279373326836,0.2275598640029549,0.395557273104876,0.006940660820316701
JVASP-115398,PdF2,38,4,0,3.690508054398586,0.18885878494799593,0.9102557662160548,0.02077320552076687
JVASP-118338,TiOF,57,1,0,2.144381215985513,0.4247844362659494,0.561400767550223,0.03620354944618996
JVASP-118592,LaN2,30,3,1,20.403702269361062,0.4672794199329126,0.5783359149262727,0.017972803194749642
JVASP-122952,VMo,2,1,0,4.284072415749873,0.33564896289382795,0.19412977289079358,0.013616418677641502
JVASP-14488,AsRh2,37,4,0,1.3944655403392631e-11,0.19490675365278842,0.5260222486178752,0.01068632570638394
JVASP-14496,Nb2C,9,2,0,0.6354884275353747,0.49672205336993747,0.5234347273949199,0.015165036543188558
JVASP-14525,CoSi2,37,4,0,0.6278792286873869,0.06414001974064194,0.08893564024627199,0.026063342000697716
JVASP-14667,HfB,2,1,0,2.099961781359926,0.09888729798503419,0.9819426931267062,0.01056518454736108
JVASP-14727,ZrB,2,1,0,3.7070667168487863,0.08794834936214889,0.5713956004557744,0.01960111726368403
JVASP-15255,SrAlSi,56,2,0,4.63293385387886,0.13202766805381186,0.006408882664310167,0.02102503513588234
JVASP-15701,ZnRh,2,1,0,0.0137287933898241,0.1530019530779547,0.7726492012253886,0.011882517548993105
JVASP-15923,Ta2N,9,2,0,4.748938718451626,0.4459416019564288,0.9782657138401457,0.007980793741014625
JVASP-16459,BeRh,2,1,0,0.5265425715849179,0.08279303000915787,0.5898700283209505,0.017870277191766714
JVASP-16545,HfTc,2,1,0,2.548903687202566,0.2977363017842706,0.319681636282665,0.00723353466671489
JVASP-16590,ScNi,2,1,0,0.0840843970297937,0.15259123257774276,0.1875077157277849,0.0192958347856665
JVASP-16618,ScZn,2,1,0,0.9701476218966556,0.010225917516839812,0.6725266339168693,0.018121701578487193
JVASP-16623,TiTc,2,1,1,5.241013041329546,0.34996740574145224,0.19510739845680503,0.01371112040420383
JVASP-17183,BaAlSi,56,2,0,4.775598314503376,0.17096706041689105,0.5776878925178592,0.01559299873234222
JVASP-17322,MgNiSb,6,1,0,0.0175644055173041,0.024729314791027128,0.6022391763796258,0.014651413568381079
JVASP-17427,Al2Pd,37,4,0,0.6037377352000184,0.07115867703637803,0.962423093124381,0.018705215365452537
JVASP-18196,GaRu,2,1,1,8.815257812688065,0.09085157136291683,0.07226526552987678,0.011710081794921338
JVASP-19725,ScS,2,1,1,6.03634219628814,0.2413491172737945,0.4999728236586185,0.025966973748635956
JVASP-19875,AlOs,2,1,0,3.593654268732837,0.07834353953073003,0.7440974792826482,0.009207613982621089
JVASP-19974,ScSe,2,1,1,9.083559641297516,0.11145312298970658,0.1772267404746588,0.01613997724521448
JVASP-20087,GaCo,2,1,0,5.533546589282047e-07,0.04250742690072735,0.3880667317845192,0.015545306621262972
JVASP-20103,LaSe,2,1,0,0.436812930420307,0.11229845051388242,0.06289549845497133,0.00917997698304371
JVASP-20106,MgRh,2,1,0,0.3349619871078695,0.04102785359558909,0.7258808637757768,0.015721972635906627
JVASP-20237,YGa2,1,4,0,3.880585767231253,0.05745149416137276,0.08776788675948677,0.013137620737471581
JVASP-20435,ScCo,2,1,0,1.6884846002418868e-06,0.13729034618324643,0.3950917083579676,0.019251296480967923
JVASP-20636,NbS,2,1,1,10.081636515729844,0.16786331022620324,0.8735226311207321,0.016003664198954992
JVASP-311,Ti2O,9,2,0,0.9491703570735056,0.3902699586354652,0.4723003367500115,0.02684962598471003
JVASP-37750,NbTe,2,1,0,2.1800298169007117,0.19687268547199613,0.9126219336408856,0.009070032350084384
JVASP-4699,TaS,2,1,1,14.150411185020024,0.15903359993651867,0.7659171177388724,0.00938910360725605
JVASP-572,VS2,9,2,0,1.452358576373341,0.6957906212655133,0.9153239601117659,0.026070747317971873
JVASP-578,NbS2,9,2,0,0.442013172772033,0.8685021088406064,0.12740300904890633,0.019103853514707867
JVASP-70233,ScBeGe,56,2,0,0.6447047752552121,0.08891049774731787,0.07356290533063203,0.02369516754592325
JVASP-78284,MnN,2,1,1,9.696186091639342,0.28329971047284624,0.07032625356921807,0.02900873735917074
JVASP-78351,TiPd,54,3,0,1.7774170590247007,0.3890131502943748,0.8688542943473193,0.012962854939171802
JVASP-78464,TiAl,54,3,0,1.2672050217073296,0.40872456924332295,0.6340699793474432,0.026720628584189887
JVASP-8021,LiIr,2,1,0,2.192505637733446,0.07734049923086225,0.496571693798853,0.010042277990339328
JVASP-8729,ScRu,2,1,0,2.64271455521332,0.05005228298481827,0.16354341619648027,0.013696199343031666
JVASP-100511,TiZn2Pd,43,0,0,2.1473374404493057,0.1507323829290665,0.6737334377272737,0.014029918801844933
JVASP-105494,HfZn2Ga,29,2,0,1.3315486668851453,0.07504450822202857,0.318017387845798,0.010553226517092269
JVASP-106147,LiMg2Ir,43,0,0,0.0010202397253769,0.17853960727568982,0.7108798632659449,0.016144134835814148
JVASP-109989,Li3Sn,4,4,0,1.1500786715763291,0.10560115951322531,0.4603553288673248,0.02866705367189124
JVASP-1219,CuO,58,3,0,2.480613114037847,0.2419158418236792,0.5074698605445271,0.02514287438368529
JVASP-14713,ZnNi,54,3,0,1.3678230532423145e-06,0.13241598038894084,0.7896657324598704,0.01611572378938683
JVASP-15118,Li2GaRh,45,3,0,1.2413031009041526,0.17564602146607244,0.09274547552338075,0.021446513735151638
JVASP-15694,CaGa,22,3,0,1.3358796481274726,0.05984508228024318,0.5787585033235025,0.01821477035728272
JVASP-16363,HfAlCu2,43,0,0,0.1516879691658887,0.13080954847429554,0.19723494729586855,0.01202777675760514
JVASP-16499,ScGaCu2,43,0,0,2.436919047873312,0.10121071974745495,0.8081367518135681,0.016544587464682268
JVASP-16583,LiAl2Ir,43,0,0,0.1540753679705221,0.14980197079524865,0.4888460361292599,0.015802714038070632
JVASP-16683,LiAlAg2,43,0,0,0.0115538223968502,0.08526875955812661,0.9886953333678197,0.016021857748937815
JVASP-16738,TiPt3,16,3,0,0.0596262599148451,0.4905465548110863,0.18294332467571872,0.006317927593390817
JVASP-17428,ScAlPd2,43,0,0,3.49508926880382,0.03800661590245913,0.9630191401242673,0.014046055934458176
JVASP-17553,MgInNi2,43,0,0,0.0001868939322947,0.06809705292702356,0.800917036608609,0.01559394611823798
JVASP-17757,LiGa2Ru,43,0,1,7.158159425905324,0.14102683317058365,0.4812604965752686,0.016164424526281335
JVASP-17953,ScInCu2,43,0,0,0.2955335088557639,0.08441650015134781,0.8135340641796355,0.01394379684958874
JVASP-18617,Li2SnAu,45,3,0,1.3140027319160363,0.13810814637207097,0.6028489052411163,0.012137448017623842
JVASP-18687,ZnCu2Ni,29,2,0,1.3022895055260465e-12,0.0938479703325423,0.6551210639913803,0.01592392187086973
JVASP-18688,CuSnRh2,43,0,0,2.0548011015105837e-06,0.15928102237123484,0.9136907627073889,0.010307498447433045
JVASP-18741,MgNi2Sb,43,0,0,0.5183733324812275,0.04772606790289471,0.06527041641129139,0.015183042970289063
JVASP-18765,Li2AlPt,45,3,0,0.2141493483179772,0.15871025034092845,0.8349882039584006,0.016952921076159935
JVASP-18767,Li2AlRh,45,3,0,0.1451133200097586,0.11990305351649454,0.3818147799662388,0.027822402089847455
JVASP-19674,PdO,58,3,0,2.0473463910479085e-05,0.36587596015412877,0.3255456161007044,0.01633727987557528
JVASP-20506,YGa2,1,4,0,2.012673696328403,0.05745149416137276,0.9940267712099843,0.013137620737471581
JVASP-20627,ScCo,2,1,0,2.061807175661026e-06,0.13729034618324643,0.7811905020763782,0.019251296480967923
JVASP-35970,LiZrSe2,29,2,0,0.0106838743455175,0.3287101536468337,0.48553513877958776,0.015619813733721226
JVASP-359,ZrTe,2,1,0,0.0508412960137553,0.13537250258049807,0.4226283964247812,0.00913976529082733
JVASP-36314,MnN,2,1,1,9.53151305328633,0.28329971047284624,0.8775289058717961,0.02900873735917074
JVASP-37414,TaW3,4,4,0,0.0085115377614958,0.37753718565170524,0.08681487221489415,0.0054609903167358005
JVASP-37463,YNbRu2,43,0,0,0.1670689514782203,0.19845017711080878,0.708418756913866,0.010417962672075117
JVASP-38820,Ta2CrRu,43,0,0,0.1632695288764922,0.20946373397983126,0.789154623705146,0.007767565543591908
JVASP-38821,Zn2PtRh,43,0,0,5.679949166106226e-28,0.16400870247336435,0.7991963797161148,0.009328195052558549
JVASP-38858,Zr2OsRu,43,0,0,2.262428411275342e-05,0.19368954841922545,0.3222867247398318,0.008443307412379577
JVASP-39096,SiTc2W,43,0,0,3.1092278171065546,0.22371028518867245,0.7966391827460546,0.009805712072424989
JVASP-39109,Sc2AlIr,43,0,0,3.5408786085634323,0.18692329239533512,0.22532844187566514,0.012940362032366235
JVASP-39117,Sc2GaIr,43,0,0,1.3603365389980766,0.18991326152896196,0.3623079504845691,0.011368421952531927
JVASP-39828,BeSiIr2,43,0,0,0.3576769584582277,0.2723452789528609,0.41744811220437983,0.0094892037082992
JVASP-39836,LiZn2Rh,43,0,0,0.0130994542783191,0.11545772482280235,0.5414099836301646,0.016620648246833247
JVASP-39845,MgAlIr2,43,0,0,1.0213097700600503e-09,0.16043894992096502,0.11261366554055718,0.009180196124911335
JVASP-39947,AlZnRh2,43,0,0,4.906343627235951e-38,0.16050552792957015,0.40694780063930613,0.01341374702082104
JVASP-39985,MgSiRh2,43,0,0,1.104366207945906e-35,0.15154992722675445,0.0003006901069229073,0.015491776771242614
JVASP-39989,HfZnCo2,43,0,0,3.973344283804331e-06,0.1865547541577082,0.744380726347399,0.01105688965989809
JVASP-40261,LiHfRh2,43,0,0,3.853058979251508e-08,0.16435125360692188,0.851875912234257,0.010223851222517009
JVASP-40343,Sc2ZnOs,43,0,0,2.8726940958908838,0.20939115259838925,0.13893167912019755,0.011575721202736882
JVASP-40502,BeSiRh2,43,0,0,9.07725118386047e-07,0.18166517175657393,0.7037857692667978,0.016467093588692725
JVASP-40547,LiVRh2,43,0,0,0.0520703117989753,0.1788429465685831,0.8211030883946387,0.015169126277287835
JVASP-40613,ScCdRh2,43,0,0,0.0278563084818005,0.1251205288220832,0.9818283228717938,0.011013885668245155
JVASP-41041,Ta2OsW,43,0,0,0.080999219187785,0.29121844416758225,0.8437905623687267,0.0054350354559973
JVASP-41045,Zn2NiRh,43,0,0,0.0087559278048591,0.14272790255851292,0.42410648544401286,0.013679099942581978
JVASP-41105,LiSnRh2,43,0,0,4.1887038076287084e-32,0.1712221162901941,0.9796887085096565,0.012067748339176135
JVASP-41850,Sc2GaOs,43,0,0,0.2623555881780058,0.19862782756359224,0.9739844048523552,0.011432987044161947
JVASP-41862,LiAsRh2,43,0,0,0.0006050571571838,0.21150871965547935,0.503676979200579,0.013904647489376849
JVASP-41868,Sc2NiIr,43,0,0,0.0006632196081387,0.18819136534990946,0.7534465385839052,0.011736323861321908
JVASP-41869,Sc2NiOs,43,0,0,1.259541950071069e-06,0.24453889516949026,0.9138376676731629,0.01180514809758976
JVASP-41877,Sc2IrRu,43,0,0,1.1405621385219248e-05,0.14683377842605502,0.47614707196875306,0.01043844539564662
JVASP-41878,Sc2PdRu,43,0,0,2.051093053133978e-07,0.10601076755216453,0.8637862410970849,0.01344981663595984
JVASP-41894,Sc2AgRu,43,0,0,0.006710097288551,0.15693262880535033,0.7015685660618728,0.013384640049418235
JVASP-41923,ScReTc2,43,0,0,1.417264703708095,0.2791917984923277,0.2939242559745576,0.00936410883911195
JVASP-41977,AlVOs2,43,0,0,0.5625860834596185,0.27461776828275947,0.7676522699834736,0.008726326375899198
JVASP-51456,TiPd3,16,3,0,3.488300613265814e-05,0.3431379873090161,0.5706847858594991,0.010895412214301863
JVASP-65030,Be2CuIr,29,2,0,2.9120938427895933,0.11549015755777568,0.09384515343330624,0.014609878051201806
JVASP-67536,Be2ZnPd,29,2,0,3.396552570666099,0.11468789970886868,0.3913804263046642,0.0210688918843703
JVASP-67710,ScBeZn2,45,3,0,3.488679551531583,0.03346452338707046,0.07374101339780592,0.02164665053204707
JVASP-68417,Be2PdRh,29,2,0,0.0566703805330842,0.17116325317281594,0.4761669632169956,0.017594028558556782
JVASP-68512,Be2PdPt,29,2,0,0.004666368024516,0.16911692998072503,0.4285396081429238,0.012518450474712785
JVASP-69869,Be2PtRh,29,2,0,0.130852236825065,0.15691796804958913,0.42373744297044735,0.012657672512747731
JVASP-72942,MgBe2Pd,43,0,0,4.423071484144429,0.10106920023939248,0.5863003535907844,0.026890871277943748
JVASP-74422,Hf2BeTc,43,0,0,0.8686630560002129,0.4285755639090667,0.12269066017607344,0.008620834908808873
JVASP-100152,CaMg,2,1,0,0.0723541699704865,0.11973901257638879,0.9337689099568427,0.0310641007719429
JVASP-100385,Hf2AlSi,51,2,0,0.0111883018340466,0.07590323144420366,0.684050448075033,0.0097076295308193
JVASP-101565,HfTaRu2,43,0,1,5.482294902381675,0.15904175123173014,0.8237813583927717,0.007122787671052855
JVASP-106482,Al2FeRh,43,0,0,2.957852035852088e-11,0.1380528846584077,0.8968012322637599,0.018804629458321197
JVASP-107362,BeSiNi2,29,2,0,0.3276019746215563,0.0812909833828918,0.5833200469234759,0.025892568290451338
JVASP-107680,Nb3Os,4,4,0,0.4354148781460872,0.4379441526294392,0.0402182209046007,0.00852970963972767
JVASP-118531,HfO,59,3,0,0.0003769599256765,0.7204501153065066,0.711486824117758,0.010283336778251153
JVASP-118722,MgTaO2,29,2,1,7.9398218453862,0.3696648571889805,0.5690258542633582,0.016859733090193504
JVASP-14102,TiSi,26,4,1,5.635887768503655,0.02098373056039545,0.8259572221703992,0.026332247128139297
JVASP-14508,NiAs,2,1,0,1.9463578644457675,0.07019723451085254,0.5321604734743441,0.014968379298731429
JVASP-14738,ScPt3,16,3,0,0.0030373458095998,0.12893743882602965,0.8132440953641924,0.006347111681454104
JVASP-14886,TaIr3,16,3,0,0.0288140778694214,0.30501528049013465,0.9970102930724918,0.005279838850870529
JVASP-15403,ScNi2Sn,43,0,0,0.1623842866355307,0.062473124922861514,0.35055481136788813,0.014232205665391339
JVASP-15444,TiAlCu2,43,0,0,0.0539485489273614,0.10702770793293803,0.1710214400206741,0.019807810891913705
JVASP-15657,TaAlNi2,43,0,0,3.1617453322979903,0.2718622416471561,0.3916747994539028,0.012295728805695641
JVASP-16226,YGe,22,3,0,0.2693427533701802,0.08207762088796675,0.7530499898656764,0.01238038612567268
JVASP-16432,YAl3,16,3,0,0.0662402407680306,0.032038289859760295,0.43922893185830647,0.02355012676097118
JVASP-16521,ScGaNi2,43,0,0,1.0957664476751965,0.09234229887054941,0.5883801094292148,0.017236497221097446
JVASP-16533,YGa,22,3,0,2.9672745224292707,0.03966855523813579,0.12735847192167105,0.012608047022972177
JVASP-16591,Ni3Sn,16,3,0,4.4979094875075865e-05,0.09500837399788747,0.7261235109339803,0.013568972102871807
JVASP-17402,LiNi2Ge,43,0,0,0.0065530948194207,0.0706728295113763,0.28008240186649946,0.020307887888274125
JVASP-17418,ScAlCu2,43,0,0,0.2079377687404228,0.050801889525261656,0.19061756040401823,0.020097528219775933
JVASP-17797,Zr3In,16,3,1,5.341248901691523,0.3013900027480302,0.8629499985831945,0.010296275322402121
JVASP-17814,ZrInNi2,43,0,0,0.1644139425132355,0.16102066199505538,0.5644128211205941,0.012367482425807472
JVASP-18039,ScInNi2,43,0,0,0.0586710921674346,0.09411812690619613,0.48449894234625035,0.014432059908981616
JVASP-18219,TiInNi2,43,0,0,1.2967272014207043,0.11690387443741253,0.8988237652484845,0.014282051959533235
JVASP-18768,LiAl2Rh,43,0,0,0.0643459444571448,0.12832392295254688,0.08601243606100262,0.024418596692403892
JVASP-19676,NbIr3,16,3,0,0.1083626373542239,0.3044981061612768,0.6961544503408927,0.0059740959019822905
JVASP-19,TiTe,2,1,0,2.2296882286881594,0.11177158415420918,0.32798228976460253,0.011398154638763985
JVASP-20613,TiSb,2,1,0,0.2758446364414511,0.08139234230579512,0.17540974998508108,0.01179057579276884
JVASP-36014,KZrS2,29,2,0,0.0113328178815728,0.2504818375182331,0.6747986499672789,0.020570597519288792
JVASP-37107,Sc2MnGe,43,0,0,0.8517987423609812,0.0373607472186468,0.3628219508629361,0.018391661268599136
JVASP-37415,TaZnOs2,43,0,0,0.316430703524101,0.15798214820207318,0.32989583249393584,0.006381449076483072
JVASP-38856,MgZnRh2,43,0,0,0.0516514508092349,0.10441166799393539,0.9436777652291878,0.013535233905760932
JVASP-38883,MgSbRu2,43,0,0,0.0993563885364874,0.19448528053376568,0.19929834067948615,0.011487485820134691
JVASP-38893,MgSc2In,43,0,0,1.3820590731945e-08,0.2229234474163098,0.512173657837735,0.01746459306991674
JVASP-39121,Sc2AlCd,43,0,0,1.2520838356977226,0.06842502102148748,0.024013200671349266,0.01744406410172678
JVASP-39222,SbRh3,16,3,0,0.1640521639346728,0.15746127948632133,0.16336809113695616,0.00929202871701475
JVASP-39656,TiNbRe2,43,0,0,0.0668021855939433,0.29846919024634766,0.8834187336335619,0.007794423939263667
JVASP-39744,LiSc2Ru,43,0,0,0.000904690349472,0.26434694460135294,0.7892475482526763,0.02020989757098454
JVASP-39819,GaGeRu2,43,0,0,3.635357060646564,0.42333967033148734,0.5568354900539902,0.011610929367813924
JVASP-39905,Al2IrRu,43,0,0,2.5449975180823965e-11,0.21535606005877264,0.22245339599136027,0.01151907591282171
JVASP-39970,MgTaOs2,43,0,0,0.0337138704937439,0.20386815580694578,0.5577475826213064,0.006829284682966167
JVASP-40064,Ti2ZnTc,43,0,1,5.187625893473962,0.3370101578342743,0.012146526113612555,0.015435493144711605
JVASP-40224,Sc2CoOs,43,0,0,0.0051903615707017,0.26504346796247125,0.7129936309379207,0.011796799456936697
JVASP-40237,TaTiOs2,43,0,1,6.619792726203233,0.265800557446832,0.7167506805637281,0.006565181220010253
JVASP-40420,Al2RuRh,43,0,0,1.4667550971263198e-21,0.19092573999338777,0.6460450235663548,0.01550756790016131
JVASP-40504,ScZnRh2,43,0,0,0.1723849547298752,0.13040885850550904,0.6113386842752012,0.012651185141517042
JVASP-40525,Sc2CuOs,43,0,0,0.96258983209974,0.21800540518876038,0.07371643262453753,0.011638468751805419
JVASP-40528,LiCa2Ga,43,0,0,3.8466898245104586,0.04838881898918641,0.24640596905097556,0.025506950644050504
JVASP-41242,HfScOs2,43,0,0,0.0036416449135953,0.21267645473044228,0.5743780480979319,0.0066235483384371975
JVASP-41679,Y2MgAl,43,0,0,0.014641558997263,0.04950245561497815,0.3941867660288976,0.017459758854732634
JVASP-41696,Ti2AlRe,43,0,0,1.4569942526140474,0.320326653867032,0.992023228581445,0.012948229734636786
JVASP-41840,Sc2ZnTc,43,0,0,3.5767764801835447,0.18701307686712038,0.9237453573751813,0.015790253390301618
JVASP-41857,Sc2GaTc,43,0,0,0.5019544742624454,0.1806514739408878,0.15200790252253704,0.015525851427600487
JVASP-41865,Sc2CuRu,43,0,0,2.334757787142904,0.13679590394003996,0.5899605926495307,0.015715374206004294
JVASP-41866,Sc2GaAg,43,0,0,2.3599742455663124,0.08182635416093983,0.6962151061034566,0.01495310198811061
JVASP-41900,Sc2AlTc,43,0,0,0.4327225926696396,0.13777821681131608,0.13654341430088612,0.018613883423870815
JVASP-41902,Sc2AlRu,43,0,0,0.2718124016321028,0.10598139409662158,0.31259564710117127,0.01835170806820724
JVASP-42110,LiSc2Os,43,0,0,0.000498766126349,0.2589772144900078,0.7159178469254943,0.013933261294656905
JVASP-67276,Be2NiPt,29,2,0,0.4783943111421562,0.14245687733414095,0.9011080934228366,0.01471660794666513
JVASP-67731,ScBeTc2,45,3,1,8.826148908334904,0.09312921872505418,0.34174265020613526,0.016002042244639428
JVASP-68481,Be2GaOs,29,2,0,4.957224422712222,0.14888917670478655,0.2389437116912806,0.014389660879005962
JVASP-69411,Be2CuRh,29,2,0,1.779017541480314,0.1660971033677004,0.8217920027302146,0.021683053345124867
JVASP-70620,MnBe2Tc,45,3,0,2.0408807634939587,0.16412148099003626,0.5849826802256783,0.023396956227962368
JVASP-70927,BeNb2Ir,29,2,0,3.656022224678641,0.16443035975771256,0.4765884217057704,0.010334797255642129
JVASP-7935,ZnCo2Ge,43,0,0,7.10405305644633e-05,0.04832472325395367,0.25615002142789234,0.015630165891937955
JVASP-79483,CaMg,2,1,0,0.0972923196170706,0.11973901257638879,0.07265834864832099,0.0310641007719429
JVASP-79486,MgSc2Ru,29,2,0,0.1323353053308264,0.020474847752051942,0.017891420896975263,0.01857986441381104
JVASP-79902,LiSc2Au,43,0,0,0.6712769156004823,0.12092326275949948,0.5799701805640948,0.013613805267101618
JVASP-80007,Ga2CoRu,43,0,0,0.0006980971406097,0.3505236035671449,0.1911102734600748,0.013357858584325132
JVASP-99643,Zr3Ga,16,3,0,2.1130777401690386,0.16298725541241607,0.9755329784268204,0.01164839324975611
JVASP-99747,Al2NiOs,43,0,0,1.6818009385809194e-13,0.21065292824625995,0.10747722838614726,0.013206268028132356
JVASP-103278,MgNbOs2,43,0,0,0.0833610215021686,0.20632597503887842,0.4520887883271084,0.008037432250976539
JVASP-103327,V2OsW,43,0,0,2.284788972076732,0.35537144733648,0.39465979707096,0.008404191170136547
JVASP-106126,BeCo2Ge,29,2,0,0.0008578319782773,0.058867785000485985,0.23231147528553098,0.020048258966087626
JVASP-108163,Al2CoNi,29,2,0,4.524942627131081e-07,0.008940496908938814,0.7487557250039351,0.023311426315551876
JVASP-110823,MgAlNi2,43,0,0,3.951889653674058e-21,0.035204345399922926,0.6437047620803104,0.023714476948166602
JVASP-100039,AlVNi2,29,2,1,5.881848703446865,0.059252503965667044,0.7257576850518699,0.020480279071819377
JVASP-100143,AlGaCo2,43,0,0,1.8605467717394595e-11,0.0755326953411664,0.08280857589649471,0.018641854356033206
JVASP-100202,MgVRu2,43,0,0,3.816122903743694,0.26967248769886115,0.3527434156964051,0.014420312452120058
JVASP-100606,LiSc2Ga,43,0,0,0.0226550677353421,0.07978272879588273,0.5198330743342318,0.024013088477953443
JVASP-101418,ZnGaCo2,43,0,0,8.185416824063201e-10,0.08659654875979038,0.42672114373024106,0.015810377291333753
JVASP-102919,BeCrFe2,43,0,0,3.295219745042282,0.2119213667997106,0.040617561872745234,0.02316178223475321
JVASP-105802,LiZrPd2,43,0,0,0.0090498471672461,0.1293888000873127,0.1940274549007932,0.012861529557402614
JVASP-113986,CuBN2,21,2,0,0.2423485934554693,0.4724092104508286,0.9450246483046265,0.03907379476880035
JVASP-11968,AlNi3,16,3,0,2.1077597746935016e-11,0.07677128495288595,0.1625697247533182,0.01969844258981441
JVASP-13745,CaSi,22,3,0,0.0852972503533561,0.1322874913052302,0.8520523324627752,0.02934121634012338
JVASP-13861,ZrN,2,1,1,29.5284491513867,0.3967784656026932,0.8221371590644401,0.01900586045707194
JVASP-14724,CoN,2,1,1,14.497444727911295,0.12947773059987244,0.391293757078108,0.027419836565435146
JVASP-14996,CoSb,2,1,0,0.1326634649421386,0.03392901488194628,0.4667835198442635,0.011068485451264504
JVASP-15050,TiGa,54,3,0,0.5815773671333639,0.4231202655529101,0.8240018076499193,0.01700824900076537
JVASP-15345,YCoC2,51,2,0,0.433734011701717,0.3136033958780569,0.6806863255702125,0.023274698258811094
JVASP-15771,TiAlNi2,43,0,0,1.871173158567587,0.1313820511176607,0.8369437364290709,0.020807828722496917
JVASP-15912,LiSiNi2,43,0,0,3.444211869047829e-05,0.06842621527338305,0.7575965858321237,0.026244428799848833
JVASP-16164,VS2,9,2,0,1.4523155397261571,0.6957906212655133,0.6912714794406046,0.026070747317971873
JVASP-16170,LiTiS2,29,2,0,0.0055244131091133,0.34023985291590797,0.9129741060068781,0.03363096739477711
JVASP-16224,ScSi,22,3,0,0.0054300062984123,0.5842652206226892,0.8228071330945887,0.02738172695785235
JVASP-16225,ScGe,22,3,0,0.0577602042860522,0.3001559704303873,0.17906268758299326,0.017007393930496495
JVASP-16365,LiAl3,16,3,0,0.8169076856178128,0.5248424302706773,0.7482242750812449,0.04551370509939579
JVASP-16372,ScAlNi2,43,0,0,0.0524013199098461,0.04588140731321312,0.0866813231145428,0.021127774108828296
JVASP-16526,ScGa,22,3,0,2.7915440752279714,0.08369898042732904,0.4258562402940216,0.01743999803555862
JVASP-17275,LiCo2Ge,43,0,0,5.657338694550931e-08,0.05946416798782899,0.39675188715342524,0.020258561027319735
JVASP-17282,NiB,22,3,0,0.1468631959823395,0.08474976027655201,0.20216809397548463,0.028775156680728126
JVASP-17925,Ni3Ge,16,3,0,2.1346866240012395e-06,0.06834560524237998,0.9379051086359893,0.0160823286568602
JVASP-18033,TiZn3,16,3,0,1.9151836854295248,0.38352791455079893,0.09477667836116699,0.016387129548452645
JVASP-18706,TiGaNi2,43,0,0,4.131322383148989,0.13615357343603,0.004899414988575601,0.01702295716002601
JVASP-18919,ScRh3,16,3,0,2.149265503017231,0.0805755030429837,0.32292080366397835,0.011309901095706612
JVASP-18923,NbS,2,1,1,17.016544411042386,0.16786331022620324,0.990744718241222,0.016003664198954992
JVASP-19853,SiNi3,16,3,0,1.4904362850364032e-17,0.08817433681310018,0.2646951283884399,0.019591929496482516
JVASP-20253,TiAl,54,3,0,0.5021437857382297,0.40872456924332295,0.830694265517731,0.026720628584189887
JVASP-20381,TiCu,59,3,0,0.3420954242673288,0.25049369080936573,0.17311363702046545,0.01795122651755181
JVASP-20399,ScAl3,16,3,0,0.0207764258966186,0.13924265183782839,0.5863783547983777,0.03177111383007244
JVASP-20529,NbRh,54,3,1,7.582163071814305,0.25795141517507447,0.958409335179392,0.010213884877669322
JVASP-20590,HfIr3,16,3,0,0.2479432847157672,0.28176994925748733,0.7165132345658071,0.005297023999491485
JVASP-332,TiSe,2,1,1,5.662128838062611,0.10389515518121716,0.9805079751784863,0.015769512800902018
JVASP-35973,LiTiS2,29,2,0,0.0219950834682562,0.34023985291590797,0.5745566490890397,0.03363096739477711
JVASP-36667,ZrN,2,1,0,2.440002851890043,0.3967784656026932,0.9833347065534214,0.01900586045707194
JVASP-37214,Sc3Al,16,3,0,2.5289516147454942,0.05202756776132115,0.8370470317200038,0.024714352349652118
JVASP-38823,MgNbRu2,43,0,0,0.1897592905952494,0.27003316689930507,0.7782482261019282,0.012525388179002075
JVASP-38825,Nb3Ru,4,4,0,1.1358909380771651,0.5636250863869132,0.8884898869115002,0.010532160029641711
JVASP-38887,MgSc2Al,43,0,0,1.0701402043900745e-07,0.04100614104544334,0.6314915172616167,0.028328940409398203
JVASP-39112,Sc2AlCu,43,0,0,1.5193445868541229,0.029545852307259736,0.35636454637657144,0.022168112003738593
JVASP-39667,TiReTc2,43,0,1,10.692622683851493,0.34595832699132817,0.528282440056993,0.009300724991513088
JVASP-40342,Sc2ZnGa,43,0,0,0.944857424181939,0.055658969648031686,0.22650039568236358,0.017774315815038765
JVASP-40424,Al2FeNi,43,0,0,2.3544205762443213e-08,0.058805809746425845,0.7775441238817054,0.02373866429225583
JVASP-40500,Sc2CoRu,43,0,0,0.0012561693394671,0.13435143376679196,0.17007850161486648,0.016005440633401872
JVASP-40509,Al2NiRu,43,0,0,5.692188093860725e-23,0.19257966363987988,0.5771979489865907,0.018715509900333493
JVASP-41668,Ti2NiMo,43,0,0,0.6492019098506755,0.22226076882262244,0.5358989295791143,0.015976520904878194
JVASP-41867,Sc2GaCu,43,0,0,0.9514785727668974,0.060452405566699716,0.6719028034776905,0.017922686762730115
JVASP-41903,Sc2AlZn,43,0,0,1.147288244783498,0.02409455482318802,0.76048659866525,0.021941569724889566
JVASP-41907,LiY2Al,43,0,0,0.0615790685000572,0.08444179139558516,0.10982788606390892,0.01889160688629411
JVASP-42889,Ti2AlMo,43,0,0,1.6875532524148549,0.20280927136721913,0.6249409616679835,0.01829361389887976
JVASP-42894,Ti2AlTc,43,0,0,2.13425044731733,0.28009491468731573,0.41395588246519277,0.018122874471693404
JVASP-66732,ScBe2Rh,29,2,0,4.173574102218019,0.28786279276418036,0.6142014356679537,0.024112977594896383
JVASP-67368,Be2CrIr,29,2,0,0.9921178647268925,0.14457098242339173,0.6939845431464953,0.015253350680663996
JVASP-69234,Ba2SbTe,43,0,0,0.0227171612029021,0.09915145508364366,0.5854795857606219,0.007633383840889747
JVASP-70110,Be2CuNi,29,2,0,0.1688616285910209,0.07962182030836745,0.7328860768587152,0.028517700409066454
JVASP-71053,BeIrOs2,29,2,0,4.9009515733497,0.1903440078081113,0.520025257204648,0.006876524652301339
JVASP-71214,BeCrPd2,29,2,0,1.5217010482532816,0.16238285885849182,0.4628678091292717,0.014606628059839354
JVASP-71217,Ti2BeCo,29,2,0,3.759949936414857,0.14399205620069414,0.2867688654485352,0.024438020679905203
JVASP-71476,LiBe2Ru,29,2,1,12.521835756805652,0.12202829810483462,0.22915166999670655,0.031737124193174863
JVASP-71854,Mn2BeW,43,0,0,0.0248349454565919,0.36602058601791876,0.6953021060918184,0.013213169597849784
JVASP-74488,TiBe2Rh,45,3,1,5.629641738351914,0.1281044915394535,0.6957113528124577,0.023697122714317728
JVASP-74622,Sc2BeTc,43,0,0,3.2920110380736016,0.44800375407892556,0.19548251297659636,0.020312404166711904
JVASP-74707,Be2NiMo,29,2,0,0.3365889484311453,0.20101864600035424,0.9718374166111121,0.023167217664187986
JVASP-74781,MnBe2Os,45,3,0,1.642325283092077,0.13916552173518656,0.671150780289396,0.015198006717587361
JVASP-74830,MnBe2P,29,2,0,0.533535537912156,0.19345490645247523,0.5312161232098263,0.038485158357430736
JVASP-79391,Ti2CuTc,43,0,0,2.097884708100872,0.2954251284714296,0.8411753515449676,0.015547263681592042
JVASP-79498,Sc2MnSi,43,0,0,1.3523230715368693,0.09835085593761425,0.48652043330315486,0.023130028421195898
JVASP-79937,V3Re,4,4,0,1.3238651107132455,0.4080026241180094,0.4759448701003268,0.01179831372601071
JVASP-79946,V2CrFe,43,0,0,2.3606198688619098,0.5564730698361762,0.2582744000775369,0.019072676912190827
JVASP-100208,MgSc,2,1,0,0.3606054027370001,0.1605817351615596,0.15613548139069233,0.0288763162691245
JVASP-100313,ZrSc,2,1,1,10.27413838987474,0.29643312324828486,0.7116205788809175,0.01468645390224661
JVASP-101611,TaZn3,16,3,0,0.6922967015389982,0.2000691891436838,0.8441109682390425,0.01060516013155489
JVASP-106483,Al3Cu,16,3,0,0.2893948837058803,0.0679694545942232,0.677798778095959,0.02768345873434917
JVASP-107548,MgAl2,9,2,0,2.9724648580789665,0.2633488953809519,0.3688215166959502,0.03832980325214889
JVASP-118805,NaSi,22,3,0,1.6705888416486314,0.1846232647156979,0.5757220912190522,0.039157894382030364
JVASP-11987,Mg3Al,16,3,0,0.0449823271631815,0.23680286280152416,0.5634124736739899,0.04004142742139016
JVASP-122935,VCr,2,1,1,5.786165149478571,0.6588338618568349,0.9365660834742939,0.019429246456105446
JVASP-15849,TiSe,2,1,1,5.665664376096012,0.10389515518121716,0.3876742119556893,0.015769512800902018
JVASP-16260,FeIr3,16,3,0,1.891341250617918,0.3073472370593361,0.1647826520660035,0.00632415066656548
JVASP-16627,VZn3,16,3,0,0.2463972815501302,0.46706835797934065,0.8769328933290108,0.016183291964793248
JVASP-17716,InP,2,1,1,10.484594941233798,0.15495713625657287,0.8947284968868684,0.013718196231142333
JVASP-18243,TiSi,26,4,1,5.635887768503655,0.02098373056039545,0.04826559500189531,0.026332247128139297
JVASP-19760,CaSi,22,3,0,0.0852993126828622,0.1322874913052302,0.19822403083948237,0.02934121634012338
JVASP-20425,TiSb,2,1,0,0.2768478062833678,0.08139234230579512,0.6362836535994598,0.01179057579276884
JVASP-20517,LiZn,60,4,0,2.728642978383175,0.034347315963766056,0.7888451556348379,0.027643400138217
JVASP-20524,TiAl,54,3,0,0.5021500866386835,0.40872456924332295,0.6066925067405504,0.026720628584189887
JVASP-20570,TiCu,59,3,0,0.3425859493402459,0.25049369080936573,0.19158919612655823,0.01795122651755181
JVASP-20588,ScAl3,16,3,0,0.0208955027766745,0.13924265183782839,0.1176415752621991,0.03177111383007244
JVASP-37103,Sc2MnSi,43,0,0,2.876311481132297,0.09835085593761425,0.5059726340651836,0.023130028421195898
JVASP-37614,Zn3Co,16,3,0,0.1336028444964332,0.11153914355953255,0.8155104066590114,0.01567642633287688
JVASP-38647,Ni3Sb,16,3,0,0.0119997441996369,0.09375413950506972,0.2170671810721262,0.013430020527786378
JVASP-39455,PtRh3,16,3,0,1.5023677608160566,0.3473059090139422,0.07513269487278362,0.007939650714915925
JVASP-41912,Sc2BeTc,43,0,0,3.2884515757017314,0.44800375407892556,0.5510449957933047,0.020312404166711904
JVASP-64995,ScBe2Cu,45,3,0,3.675290921454568,0.06112416815842391,0.19181714813525463,0.03161398664732692
JVASP-65132,LiBe2Ni,29,2,0,1.6040779345157885,0.10663062594870934,0.06742372048426959,0.0478132811046551
JVASP-67604,BeNbRu2,29,2,1,5.364437389841766,0.24943945621840882,0.7732645980412682,0.01315536051242655
JVASP-67632,Li2BeCd,45,3,0,3.730103766756695,0.08667594613345914,0.8212266060779224,0.029562799745541157
JVASP-67748,LiBeOs2,45,3,0,1.715249859094574,0.26510701141105353,0.3983355510982354,0.010090481804411843
JVASP-67780,TiBeZn2,45,3,0,1.3966175347200904,0.08286414149466767,0.2940763601682844,0.021310921972179635
JVASP-67853,BeV2Ge,29,2,0,3.2189477555721604,0.15677456282174504,0.2771208894369578,0.021794186577263428
JVASP-68174,HfBeZn2,29,2,0,3.305553838277494,0.055519932366982154,0.36097142582835084,0.012565964164973993
JVASP-68317,Be2CdRu,29,2,0,0.9035562109305012,0.109033420158329,0.5769076431162621,0.017278217363464632
JVASP-68524,LiBeNi,61,1,0,1.4019726894798723,0.05686664802979436,0.5278200781124773,0.040189382013499295
JVASP-69499,Be2CrRu,29,2,0,1.7216238473704766,0.2044985061356854,0.3553491811726963,0.023379444455770487
JVASP-70885,BeZn2Co,29,2,0,0.0417449803246059,0.04470739166434629,0.6374209792381814,0.020124431675358382
JVASP-70911,ScTaBe2,29,2,0,1.754865967267507,0.2169573397297918,0.67576744194746,0.016398270972867928
JVASP-71182,HfMn2Be,29,2,1,7.073027926984129,0.08287784417837633,0.5582789479750343,0.013450881845194123
JVASP-71279,TaTiBe2,29,2,1,5.269650446911313,0.14456351376468318,0.38729491505187397,0.016204878669941154
JVASP-73967,Mn2BeGa,29,2,0,0.0550229581586686,0.050141353647457185,0.6239027819391343,0.021207640230537228
JVASP-74004,LiBeNi2,29,2,0,0.1661889752131792,0.03969510518288904,0.5919027832141105,0.02999850412459183
JVASP-74148,MnBeV2,29,2,1,5.564254071770563,0.10942326790581111,0.3403238573806664,0.0241206184813614
JVASP-74633,ZrScBe2,29,2,0,2.4648487462379336,0.19221058128752097,0.30320101266424526,0.02593961791305969
JVASP-74951,Be2GeIr,29,2,1,6.36231733402438,0.12621353484661937,0.5457488790192866,0.014140203311519665
JVASP-78569,CaMg,2,1,0,0.0721834578627649,0.11973901257638879,0.6123417390018507,0.0310641007719429
JVASP-36405,TaC,2,1,1,16.104558147243274,0.24457712997826458,0.6107984389218087,0.010364918730226975
JVASP-15075,HfN,2,1,1,8.064656781384056,0.33083665478653335,0.3828380088978549,0.010389788500270393
JVASP-19889,NbC,2,1,1,17.155451017952267,0.31763734716081793,0.5657739072162552,0.019062673112900205
JVASP-36335,NbN,2,1,1,17.565177796309943,0.461438021848991,0.9857696351964191,0.01870678498832884
JVASP-39465,Re3W,40,3,0,2.11246036981921,0.43412527776907983,0.42802451904395167,0.005387488366392309
JVASP-135947,BeCrO2,29,2,1,8.001262534212506,0.26545598176981255,0.8430147145899906,0.04300747764562703
JVASP-133938,BaScO2,29,2,0,0.0095965664416499,0.10831907250405781,0.08132369130695694,0.018667015316734075
JVASP-133955,BaTaO3,28,4,0,0.0006621797831725,0.4305874016096495,0.8752282537019719,0.013651016886089473
JVASP-134516,ClF2,62,2,0,3.1624278807028263,0.2883201614700996,0.9417061555298863,0.040844219298037526
JVASP-134576,TiClO,57,1,0,2.9868863680006945,0.5478036921620277,0.26186401585393726,0.03020557917184357
JVASP-134819,OsO2F,29,2,0,1.026814974524364,0.4325233981368746,0.012101415672192695,0.01658187777720751
JVASP-135099,YHfO2,29,2,1,5.817928521594699,0.30358074767735427,0.4830084134337993,0.013360292176229601
JVASP-136414,TiSCl,57,1,1,8.196166665285594,0.36959611757139216,0.18271225766227794,0.025999913333622223
JVASP-136912,Li2Cl,63,4,0,1.7555385658723386,0.1746566510906726,0.9716312542852679,0.060808756460930376
JVASP-136936,LiN,64,3,0,0.8129511330356318,0.48879940989523013,0.8976984351175483,0.0954758756331244
JVASP-136977,MgAs,2,1,0,2.449862693453431,0.13807607506593592,0.9606648859302717,0.02015588561938029
JVASP-136988,MgP2,30,3,0,1.8281180061324964,0.3589868091597786,0.6038696577407527,0.03478159085524268
JVASP-137824,Sr(BP)2,10,3,1,8.562368527722716,0.2870863840113109,0.5151603669026421,0.029207394723522916
JVASP-138878,NaScF2,29,2,0,3.054491261722683,0.21210201708031018,0.8327178493802309,0.0377563344753809
JVASP-138900,NaYF2,29,2,0,0.8301949842777355,0.23515771912341427,0.6523489656890211,0.026685804715306013
JVASP-138926,RbRhF3,28,4,0,1.8596741310498424,0.22616692334226396,0.24855767636724513,0.020377513023782084
JVASP-139314,LiC,22,3,1,21.873319805447757,0.3402757492339995,0.9342860382578622,0.10553142989810942
JVASP-139428,ScAlO2,29,2,0,4.385337062977261,0.3892574641133687,0.43969944996553134,0.03848512888341578
JVASP-139613,NaSrO2,29,2,0,1.1170259650623844e-22,0.223286849865992,0.773556228309299,0.02804880534315111
JVASP-139627,NaTiO2,29,2,1,5.156721444505691,0.20805079941823737,0.5009379569884868,0.03888948384613909
JVASP-103018,TiAsPd,24,4,0,1.6948388762655149,0.2093654185426014,0.18335624310512755,0.013088514130796142
JVASP-133831,BS,22,3,0,2.9076087058953943,0.27387725259713414,0.2959268470094133,0.0466461423640265
JVASP-133932,BaNbO3,28,4,0,0.0002201354032828,0.42172307350843247,0.5744107688028172,0.017970641578500902
JVASP-133934,BaNbO2,29,2,0,0.0912176716336775,0.06971333304570075,0.14300208426428052,0.015253658036935057
JVASP-135301,Li2MnO2,10,3,0,2.587624467357922,0.44074404573699294,0.013737858616478582,0.04959390280656359
JVASP-136781,Al3F,65,4,0,4.368781150932134,0.29225209638453137,0.43389122434993144,0.04002280539474198
JVASP-137961,BaInO3,28,4,0,0.0086099031249148,0.31375155252992143,0.7621971718592196,0.016658714906751176
JVASP-138413,CaAs,2,1,0,1.764743396463423,0.07567515617487561,0.614157273742888,0.017391364839529876
JVASP-15840,Al(CoSi)2,10,3,0,5.386984745151608e-07,0.021013557858337313,0.32414637580737604,0.024873279520603312
JVASP-15950,ScCo3C,28,4,0,0.2146922643554148,0.13642485640726248,0.7172409392954933,0.021388892252886333
JVASP-16067,Sc3InC,28,4,0,0.0064309408860548,0.17187466122524023,0.4845146331098733,0.019106106588322052
JVASP-16317,ZrRu3C,28,4,0,0.0110564646476422,0.24761544598562135,0.9995013522570269,0.012301796529761613
JVASP-16775,HfBeSi,50,2,0,4.4210729641889804e-14,0.1115024158428065,0.7760316524447806,0.013915451811388741
JVASP-16462,TiBe,2,1,0,1.0742697150941771,0.3896144556490852,0.830631441271759,0.03516224969620695
JVASP-10063,CoO2,38,4,0,1.0754218659604184,0.27445080644417347,0.2595489061387781,0.03299168790918972
JVASP-102813,ScBC,50,2,0,3.658830786340655e-06,0.2668045683033749,0.15229496284881394,0.04426240334345211
JVASP-103120,Be4FeGe,14,2,0,0.0004222372392879,0.12204955423329757,0.19930390910700002,0.036466687243602726
JVASP-103383,ZrTiC2,29,2,0,0.1575805693614513,0.28885759109174647,0.43226496434626605,0.024522966984729548
JVASP-103410,TiB2Mo,51,2,0,0.004898289688897,0.3676043940220316,0.5121491196209004,0.024179557393201916
JVASP-104923,TaNbAl6,13,4,0,2.505817817587131e-05,0.17013055144042066,0.19460934773223448,0.018359425107245822
JVASP-10934,FeO2,38,4,0,4.836609114984294,0.27662951901350435,0.7799447709885816,0.03415152805320353
JVASP-109736,HfTiB4,18,2,0,1.0986276493101987e-46,0.3171731346899025,0.8684311544172296,0.02225511032970946
JVASP-114347,MgSnN2,29,2,0,0.0003033037202153,0.440748108977448,0.31600498576024083,0.02338792855455585
JVASP-114941,ZrZnF2,29,2,0,1.502640625719757,0.36465954664207934,0.50806419675629,0.02055183670983706
JVASP-1151,MgB2,1,4,1,32.685183166789905,0.18919146655569202,0.5943746025127589,0.06532105297537397
JVASP-116261,Li2H,63,4,0,1.0759786240846054,0.2697571573498779,0.7223781739311237,0.20147831354592433
JVASP-116346,TiZnN2,29,2,0,0.0004689408824781,0.6663842764469499,0.1474724544653564,0.02831068714284299
JVASP-116405,YSiO3,28,4,1,7.358461370359416,0.3690974710006072,0.28087106140315643,0.030304949616506018
JVASP-116604,Nb5Si3N,66,1,0,2.014305592213476,0.3094839732303311,0.7307059958584028,0.01599161044579102
JVASP-11956,AlNi,2,1,0,1.157274644585665e-05,0.014019844608020821,0.5681923142926266,0.023344049411434305
JVASP-11970,AlCo,2,1,0,2.1580161677259384e-34,0.011204253014197802,0.8999457934389484,0.023278894273379903
JVASP-119956,BaVO3,28,4,0,2.8968116419628073e-09,0.38858394513172384,0.4478583619887434,0.021162525231020708
JVASP-122947,MnV,2,1,0,3.7704590093421135,0.6332491311558355,0.406612845033848,0.018889389825012943
JVASP-122994,VTc,2,1,0,2.699653960675206,0.43533749808756766,0.3065072175307022,0.013428090894747268
JVASP-14490,MoC,2,1,0,0.0020103411623374,0.48719836825694685,0.23137257265474553,0.01852697573985162
JVASP-14498,BeCu,2,1,0,0.377597364492542,0.03669751965630744,0.6507663347633983,0.027564086432044287
JVASP-14639,AlCo,2,1,0,2.1580632726391995e-34,0.011204253014197802,0.2646860018226955,0.023278894273379903
JVASP-14646,TiFe,2,1,0,0.2571208063425644,0.3670700536487813,0.8622755206430474,0.01928417155199013
JVASP-14652,MnV,2,1,0,4.015618644903975,0.6332491311558355,0.2706483956521083,0.018889389825012943
JVASP-14873,SrB6,39,2,0,0.0045041222332219,0.5838412346223409,0.6733596312251477,0.045905853652138555
JVASP-14893,CoSi,23,1,0,0.0001284108464174,0.04605430329057731,0.5681841419017319,0.022983566922027503
JVASP-14946,VTc,2,1,0,2.692059031287939,0.43533749808756766,0.6284587978789083,0.013428090894747268
JVASP-14967,NbB,22,3,0,0.0208770597879504,0.4929879895529459,0.8954167756318381,0.019283171248637404
JVASP-14989,NbN,2,1,0,8.314594492145927e-27,0.461438021848991,0.16998845146941277,0.01870678498832884
JVASP-15024,CaSi2,63,4,0,0.0108867151717344,0.029973433275714473,0.1498155458754621,0.031169155004207836
JVASP-15025,NbN,2,1,0,0.0222101785768836,0.461438021848991,0.12190222133530626,0.01870678498832884
JVASP-15060,ZrC,2,1,0,0.5825604619755342,0.12911162380750296,0.07643902091821697,0.019373330866462535
JVASP-15066,ScP,2,1,0,4.5257480313938085e-07,0.23119144527753765,0.5342310236037406,0.026340163135693165
JVASP-15086,ScN,2,1,1,20.78032741418409,0.34210854572391597,0.16573115195227217,0.03391979988946216
JVASP-15288,ZrSiS,67,2,0,6.616007888632035e-06,0.58131951638075,0.8071679300934899,0.01981839741832343
JVASP-15314,Sc3AlC,28,4,0,0.0032225365605739,0.19450482051958454,0.022610530546880114,0.028758775626785353
JVASP-15637,AlVFe2,43,0,0,0.0009485694910573,0.4091112173445577,0.3746069717348577,0.021095595690749088
JVASP-16066,Sc3GaC,28,4,0,0.1148387267845373,0.17902678053707044,0.47320397138856884,0.023083872814213473
JVASP-16488,P2W,68,3,0,0.0067272739279352,0.34390422310972724,0.2165283006768245,0.012205664271226395
JVASP-17391,Sc3SnC,28,4,0,0.000320515274046,0.1754703123233397,0.3559062195172905,0.018826120878244864
JVASP-17437,LiB,69,4,0,5.623322989064915e-14,0.4039062223612459,0.22279143552845215,0.11266336187471834
JVASP-17957,HfC,2,1,0,0.0416150407228468,0.1595400165189003,0.28182810633472577,0.010498649086328816
JVASP-18803,Sc3InN,28,4,0,8.271418670409777e-07,0.29221041358381084,0.9268710607285915,0.018961484355963853
JVASP-18916,TiC,2,1,0,1.780454042509233,0.22695967811000478,0.4171753663098261,0.03340141655407606
JVASP-19602,BeNi,2,1,0,2.3786456617364942e-08,0.07285940571802023,0.38586494126072,0.029539661884894517
JVASP-19613,Al3Ni2,47,1,0,1.1965317400160609e-08,0.008836848623478444,0.6111744524341742,0.025210327772994198
JVASP-19711,Be2B,37,4,1,8.799682323363278,0.23310492226387394,0.6641418567485056,0.10403891554828301
JVASP-19729,AlNi,2,1,0,1.1572672453259118e-05,0.014019844608020821,0.6602765449276847,0.023344049411434305
JVASP-19736,ZrSi2,70,1,0,0.0604441892558988,0.20100833677123012,0.08475896722401388,0.02035347196309237
JVASP-19870,CaB6,39,2,0,0.0200462350787829,0.660136058117709,0.5819025790346892,0.06670224119530417
JVASP-19914,BaB6,39,2,0,2.179076801468395e-09,0.48863949508821813,0.7359235998979756,0.03462038745159328
JVASP-20068,B2Ru,71,1,0,1.5117477656277685,0.25649446739655835,0.7955683661434495,0.024451471978613117
JVASP-20073,TaC,2,1,1,15.2291287282242,0.24457712997826458,0.5885342519393526,0.010364918730226975
JVASP-20079,TaB,22,3,0,0.0197367965974509,0.5285116349220638,0.1305730582345579,0.01042976471285189
JVASP-20082,TaB2,1,4,1,17.191563713858148,0.2020874007045105,0.08374032389677899,0.014809704187019315
JVASP-20096,TiB2,1,4,0,1.967167202170409e-12,0.12491650423358712,0.3230536931058179,0.043172300651901745
JVASP-20143,P3Rh,72,2,0,3.2552290200596287e-16,0.23304172892082503,0.9275588094659627,0.020426214828445376
JVASP-20272,HfB2,1,4,0,4.307274207042079e-14,0.09981867394492443,0.4726175288334824,0.014991604701367232
JVASP-20285,HfBe5,33,4,0,1.094136803307611,0.31615799251518817,0.8954739071476481,0.026839523936628126
JVASP-20538,HfB2,1,4,0,4.307271959954599e-14,0.09981867394492443,0.4596749532770249,0.014991604701367232
JVASP-20551,HfBe5,33,4,0,1.094262254961559,0.31615799251518817,0.755118106560127,0.026839523936628126
JVASP-20803,Nb6C5,73,3,0,2.1597744088788056,0.64178358064747,0.48512717568964037,0.017814002317569314
JVASP-21675,MnBe2,32,4,0,0.8801073263036442,0.18183668034706318,0.7087022614323838,0.041117063445643635
JVASP-35688,VN,2,1,0,5.39234807143952e-43,0.5926723201713163,0.3171792766671796,0.03079377103599484
JVASP-35689,TiS,2,1,0,1.2450938142771228e-09,0.3350017651795974,0.8898652636367038,0.02502126807786619
JVASP-36025,TcB,2,1,0,2.461317664189638,0.3320234524223442,0.26570806873658315,0.018380494619110198
JVASP-36636,SrGeO3,28,4,0,3.6509547916451805e-20,0.2934035400995236,0.0061768287842781655,0.024008658482595164
JVASP-36745,TiReN3,74,4,1,20.03643206071191,0.5116059834851144,0.721165786116842,0.018109767648059123
JVASP-36813,MgCuO2,75,1,0,0.004439476916398,0.24584383855873757,0.6766044632445796,0.033375107843317216
JVASP-37011,TiN,2,1,0,1.6408139064643406,0.5188218273308954,0.6569014499256771,0.03232391145187697
JVASP-37027,TiGaFeCo,76,2,0,2.3750716909438456e-11,0.05236594822110964,0.6874150023133265,0.017214059781288055
JVASP-39917,AlVRu2,43,0,0,0.3044812866354855,0.3261258561706764,0.5862642110184831,0.014282498754550042
JVASP-40030,TiBeCo2,43,0,0,7.310005409788749e-10,0.1789752326491304,0.11527895307851443,0.022890422654028682
JVASP-41920,ScAlCo2,43,0,0,2.6775080259052195e-26,0.03424008887572719,0.6692037223800513,0.021074389155432083
JVASP-48246,Li4Fe2SiO7,77,3,0,1.2675651687578768e-06,0.5412627525827776,0.006598523780704801,0.05008312009252499
JVASP-49767,TiO,2,1,0,0.0423356410744311,0.5220221125308945,0.18284287895470064,0.03131537083662145
JVASP-50085,TiO,2,1,0,1.163021733923712e-13,0.5220221125308945,0.42087840519534825,0.03131537083662145
JVASP-52114,CoP2O7,78,4,0,0.0,0.2575311639062412,0.37836938040865464,0.04294121211937216
JVASP-56726,BRh,2,1,0,0.0005664157932619,0.1856087100716841,0.1189651624145176,0.01758759722643592
JVASP-63127,CrB4,79,1,0,0.0050618315010893,0.2323896663013409,0.42695760403988736,0.052498894898262385
JVASP-69674,TiBe2Ge,29,2,0,0.2537273941474449,0.11929917110438654,0.6236172436233424,0.02887432769376327
JVASP-71448,Be2CuRh,29,2,0,0.319181448940537,0.1660971033677004,0.377463431532434,0.021683053345124867
JVASP-7669,LiAl,60,4,1,5.635780347446996,0.03328205988760724,0.7084994832867091,0.05895785169804479
JVASP-7807,YB2,1,4,0,4.417247635110187,0.07446722790166678,0.23092209537827701,0.027142480379379497
JVASP-78338,Cr,0,3,0,3.552693357118437,0.6482636213920219,0.14382527227092345,0.019232211646642728
JVASP-85705,Y2H2C,10,3,0,4.743855310844106,0.24937840322393537,0.7488998444884865,0.026063619836458086
JVASP-90839,B3Mo,80,2,0,0.0138322364259536,0.4982007920857972,0.6687281297620549,0.031159200143332323
JVASP-91700,B2CN,81,3,1,19.406984582327397,0.2749467259857588,0.4293706932947625,0.08396411373778846
JVASP-93220,SrMoO3,28,4,0,0.3017447276755072,0.4538373712595892,0.13676728481771305,0.021592843613398274
JVASP-93772,TaNiB,53,2,0,0.2350777061402216,0.3166934225646647,0.6636837393289772,0.011978329764057249
JVASP-94831,SrB6,39,2,0,0.0045789408985672,0.5838412346223409,0.7499557499262143,0.045905853652138555
JVASP-95036,TiSi2,70,1,0,0.0190509346742646,0.702100341568656,0.16394265320782597,0.02883561775505104
