material_id,formula,chemsys,mp_energy_per_atom_summary,mp_energy_above_hull_summary,mp_energy_per_atom_gga,mp_energy_above_hull_gga,mp_uncorrected_energy_per_atom,chgnet_energy_per_atom,chgnet_hull_corrected,chgnet_hull_uncorrected,n_steps,wall_ms,error
mp-1010,MnB4,B-Mn,-9.055925263999999,0.012702824000001556,-7.4479304299999995,0.017570125000000658,,-7.389302062988281,0.07619849201171913,0.07619849201171913,11.0,6624.536037445068,
mp-2582,TiSi2,Si-Ti,-10.672439195,0.027358638333332408,-6.755255876666666,0.007505523333333208,,-6.729615529378255,0.03314587062174468,0.08047920395507813,13.0,3781.35347366333,
mp-11192,TaSi2,Si-Ta,-22.492770657777776,0.0,-7.999549111111111,0.0,,-7.9503021240234375,0.049246987087673944,0.0965803204210065,6.0,1310.990333557129,
mp-1232339,LiC12,C-Li,-9.388180679615385,0.0007420350000000298,-8.667148948076923,0.0030178203846151774,,-8.664814875676083,0.005351892785455448,0.005351892785455448,22.0,29531.885385513306,
mp-9969,ScSi,Sc-Si,-10.944522875,0.0,-6.6803239125000005,0.0,,-6.622700214385986,0.05762369811401413,0.093123698114014,5.0,854.576826095581,
mp-568646,Ta3Si,Si-Ta,-39.1067421175,0.0,-10.6705500578125,0.0,,-10.633957862854004,0.036592194958496194,0.05434219495849568,10.0,8157.43350982666,
mp-7948,ReSi,Re-Si,-9.200854016249998,0.031634861428571526,-9.20085401625,0.030866213750000426,,-9.218071937561035,0.01364829243896537,0.04914829243896435,6.0,3792.8760051727295,
mp-1079437,FeB4,B-Fe,-7.208300637000001,0.00684514683333326,-7.208300637000001,0.00684514683333326,,-7.198004913330078,0.017140870503255634,0.017140870503255634,13.0,21334.222078323364,
mp-1199486,Gd5Si4,Gd-Si,-10.933675506388887,0.0,-10.933675506388887,0.0,,-10.942893981933594,0.0,0.022337080010849775,6.0,1798.966884613037,
mp-28731,V6C5,C-V,-12.842038443636364,0.0,-9.692741181515151,0.0,,-9.634208910392992,0.058532271122158974,0.058532271122158974,11.0,31921.86427116394,
mp-567164,BRh,B-Rh,-16.1703464975,0.0,-7.399812175,0.0,,-7.2986650466918945,0.10114712830810557,0.10114712830810557,10.0,5716.669797897339,
mp-542465,Pr5Si4,Pr-Si,-5.702457601944445,0.0016117374999975453,-5.702457601944444,0.0016117375000002099,,-5.699134826660156,0.0049345127842883585,0.036490068339843695,8.0,4483.310222625732,
mp-1214755,BPd6,B-Pd,-20.925112872142854,0.0,-5.593454304285714,0.0,,-5.579260689871652,0.014193614414062417,0.014193614414062417,7.0,7832.341432571411,
mp-1198133,Y5Si4,Si-Y,-16.02205263888889,0.010283171388888235,-6.739754177777778,0.025860621944444162,,-6.7544127570258246,0.011202042696397463,0.04275759825195369,7.0,11350.311279296875,
mp-541840,DyC2,C-Dy,-17.662113863333335,0.05398585083333174,-7.879522306666666,0.054729466555555994,,-7.879795074462891,0.054456698759331346,0.054456698759331346,5.0,525.7914066314697,
mp-21502,BRh2,B-Rh,-18.771398639166666,0.07446695583333351,-7.329090385,0.07446695583333351,,-7.3931020100911455,0.01045533074218774,0.01045533074218774,21.0,10055.970907211304,
mp-1752,HoSi2,Ho-Si,-17.34942229483333,0.09410235833333402,-5.60457391,0.09410235833333402,,-5.619402567545573,0.07927370078776086,0.11950703412109398,1.0,695.5642700195312,
mp-1432,Be2B,B-Be,-4.678687386666667,0.054649395972222514,-4.678687386666667,0.054649395972222514,,-4.740060806274414,0.0,0.0,1.0,4002.635717391968,
mp-999192,SiNi,Ni-Si,-10.786536575,0.06185977125000086,-6.0559152525,0.04650863624999957,,-6.017960071563721,0.08446381718627904,0.08446381718627904,27.0,9089.869976043701,
mp-1095177,SiNi,Ni-Si,-10.75179756875,0.09659877750000057,-6.00582511125,0.09659877749999968,,-6.0489091873168945,0.053514701433105216,0.053514701433105216,6.0,2503.187656402588,
mp-993,DySi2,Dy-Si,-17.069853290166666,0.08710837133333627,-5.629009156666666,0.0871083713333336,,-5.643676122029622,0.07244140597037774,0.11267473930371086,1.0,201.54905319213867,
mp-313,YC2,C-Y,-8.495810733333334,0.06871589937499856,-8.495810733333334,0.06852280333333205,,-8.484502156575521,0.07983138009114477,0.07983138009114477,5.0,566.0674571990967,
mp-13052,Sr5Si3,Si-Sr,-13.108116601874999,0.10459984687500068,-3.3512069368749997,0.10459984687500024,,-3.388813018798828,0.06699376495117182,0.09361876495117194,25.0,2291.1126613616943,
mp-1075796,Mg3Si2,Mg-Si,-3.138941231,0.10720687700000031,-3.138941231,0.10720687700000031,,-3.0388681411743166,0.20727996682568373,0.22857996682568382,1.0,236.71436309814453,
mp-1100455,MgSi,Mg-Si,-3.4914839375,0.11785915749999987,-3.4914839375,0.11785915749999987,,-3.3866761525472007,0.22266694245279917,0.24041694245279954,6.0,1665.4868125915527,
mp-1087230,Si2Mo3,Mo-Si,-19.416728782285713,0.14068395800000388,-8.945787688,0.1406839580000021,,-8.985932159423829,0.10053948657617262,0.10053948657617262,5.0,1470.6382751464844,
mp-976593,Nd3Si,Nd-Si,-24.548531555000004,0.1536353812499982,-5.15455215125,0.15363538124999998,,-5.149510860443115,0.15867667205688463,0.176426672056885,4.0,756.4177513122559,
mp-542709,EuSi6,Eu-Si,-13.113872497857143,0.14864630214285945,-6.169038997857142,0.14864630214285857,,-6.197881426130023,0.11980387386997826,0.14008958815569184,36.0,5831.543922424316,
mp-1187005,SiAg3,Ag-Si,-18.035106941250003,0.17524206625000005,-3.30550444375,0.17524206625000005,,-3.299469470977783,0.1812770390222167,0.1812770390222167,10.0,1902.6358127593994,
mp-999120,TcB,B-Tc,-16.90900309159091,0.16274782909090746,-8.7424002925,0.16274782909090924,,-8.70785140991211,0.19729671167879914,0.19729671167879914,1.0,795.1200008392334,
mp-1187936,Zn3Si,Si-Zn,-8.679827605,0.19656549749999996,-2.1045717175000003,0.19656549749999952,,-2.1214325428009033,0.17970467219909647,0.17970467219909647,1.0,148.61059188842773,
mp-579,CrC,C-Cr,-9.26940647,0.2547637645833323,-9.26940647,0.25437757249999926,,-9.286310195922852,0.23747384657714754,0.23747384657714754,3.0,806.1459064483643,
mp-1187971,Yb3Si,Si-Yb,-29.8733601625,0.25165511208333413,,,,,,,,,no_GGA_GGA+U_thermo_doc
mp-973668,LuSi3,Lu-Si,-16.284144345,0.24585369999999784,-5.3354452975,0.24585369999999962,,-5.346617221832275,0.23468177566772397,0.25243177566772435,1.0,549.9560832977295,
mp-1238834,VC,C-V,-12.376293279236114,0.22451155993055494,-9.4295566475,0.22451155993055494,,-9.527982711791992,0.12608549563856286,0.12608549563856286,9.0,2273.37384223938,
mp-1224874,Gd2Si3,Gd-Si,-9.300295772,0.22031028200000158,-9.300295772,0.22031028200000158,,-9.353224182128907,0.1673818718710951,0.20998187187109352,7.0,1256.8373680114746,
mp-1220588,Nb3Si,Nb-Si,-20.973458197499998,0.252682562916668,-9.114687995,0.252682562916668,,-9.258922576904297,0.10844798101237174,0.12619798101237123,42.0,6325.8631229400635,
mp-1001602,B12W,B-W,-10.524272119166664,0.28236336602564194,-6.95684134,0.28236336602564105,,-7.031823965219351,0.20738074080629065,0.20738074080629065,2.0,1648.2899188995361,
mp-581000,EuC10,C-Eu,-12.363127558484852,0.2533384301515138,-9.110144934848485,0.2533384301515156,,-9.12366924863873,0.23981411636126992,0.23981411636126992,3.0,3858.410358428955,
mp-1183407,Be3Si,Be-Si,-3.8737877525,0.2871014037499995,-3.8737877525,0.2871014037499995,,-3.889632225036621,0.27125693121337857,0.27125693121337857,4.0,1471.0862636566162,
